ca,fe,ba,be,20,20,20,34,20,16,0a,20,04,20,12,09
20,03,20,13,07,20,14,07,20,15,01,20,03,6e,75,6d,
01,20,01,49,01,20,06,3c,69,6e,69,74,3e,01,20,03,
28,29,56,01,20,04,43,6f,64,65,01,20,0f,4c,69,6e,
65,4e,75,6d,62,65,72,54,61,62,6c,65,01,20,12,4c,
6f,63,61,6c,56,61,72,69,61,62,6c,65,54,61,62,6c,
65,01,20,04,74,68,69,73,01,20,1a,4c,63,6f,6d,2f,
62,6f,6f,74,64,6f,2f,74,65,73,74,44,65,6d,6f,2f,
44,65,6d,6f,3b,01,20,03,61,64,64,01,20,03,28,29,
49,01,20,0a,53,6f,75,72,63,65,46,69,6c,65,01,20,
09,44,65,6d,6f,2e,6a,61,76,61,0c,20,07,20,08,0c,
20,05,20,06,01,20,18,63,6f,6d,2f,62,6f,6f,74,64,
6f,2f,74,65,73,74,44,65,6d,6f,2f,44,65,6d,6f,01,
20,10,6a,61,76,61,2f,6c,61,6e,67,2f,4f,62,6a,65,
63,74,20,21,20,03,20,04,20,20,20,01,20,02,20,05,
20,06,20,20,20,02,20,01,20,07,20,08,20,01,20,09,
20,20,20,38,20,02,20,01,20,20,20,0a,2a,b7,20,01,
2a,04,b5,20,02,b1,20,20,20,02,20,0a,20,20,20,0a,
20,02,20,20,20,09,20,04,20,0a,20,0b,20,20,20,0c,
20,01,20,20,20,0a,20,0c,20,0d,20,20,20,01,20,0e,
20,0f,20,01,20,09,20,20,20,3d,20,03,20,01,20,20,
20,0f,2a,2a,b4,20,02,05,60,b5,20,02,2a,b4,20,02,
ac,20,20,20,02,20,0a,20,20,20,0a,20,02,20,20,20,
0d,20,0a,20,0e,20,0b,20,20,20,0c,20,01,20,20,20,
0f,20,0c,20,0d,20,20,20,01,20,10,20,20,20,02,20,
11,